source,link,target,title,type
.\method.md,/tutorials,C:\Users\jpowe\CascadeProjects\github\knowledge-base\tutorials,Tutorials,created
.\method.md,/tests,C:\Users\jpowe\CascadeProjects\github\knowledge-base\tests,Tests,created
.\README.md,docs/machine_learning/data_acquisition.md,C:\Users\jpowe\CascadeProjects\github\knowledge-base\docs\machine_learning\data_acquisition.md,Data Acquisition,created
.\docs\ai\README.md,./tools/benchmarking/,C:\Users\jpowe\CascadeProjects\github\knowledge-base\docs\ai\tools\benchmarking\.md,Benchmarking Tools,created
.\docs\ai\emotional_intelligence\README.md,../../examples/emotional_intelligence/,C:\Users\jpowe\CascadeProjects\github\knowledge-base\docs\examples\emotional_intelligence\.md,examples directory,created
.\docs\ai\multidisciplinary\README.md,../../examples/multidisciplinary/,C:\Users\jpowe\CascadeProjects\github\knowledge-base\docs\examples\multidisciplinary\.md,examples,created
.\docs\robotics\README.md,specs/,C:\Users\jpowe\CascadeProjects\github\knowledge-base\docs\robotics\specs\.md,Component Specifications,created
.\docs\robotics\README.md,api/,C:\Users\jpowe\CascadeProjects\github\knowledge-base\docs\robotics\api\.md,API Reference,created
.\maintenance\scheduled_reviews.md,../templates/review_template.md,C:\Users\jpowe\CascadeProjects\github\knowledge-base\templates\review_template.md,Content Review Form,created
.\maintenance\scheduled_reviews.md,../anthropic/templates/constitutional_assessment_template.md,C:\Users\jpowe\CascadeProjects\github\knowledge-base\anthropic\templates\constitutional_assessment_template.md,Constitutional Assessment Matrix,created
.\maintenance\scheduled_reviews.md,../templates/technical_review_template.md,C:\Users\jpowe\CascadeProjects\github\knowledge-base\templates\technical_review_template.md,Technical Accuracy Checklist,created
.\mcp\integration_guide.md,../scripts/vector_db_setup.md,C:\Users\jpowe\CascadeProjects\github\knowledge-base\scripts\vector_db_setup.md,Vector Database Setup,created
.\mcp\integration_guide.md,api/knowledge_api.md,C:\Users\jpowe\CascadeProjects\github\knowledge-base\mcp\api\knowledge_api.md,Knowledge API Documentation,created
.\mcp\config\README.md,../api/README.md,C:\Users\jpowe\CascadeProjects\github\knowledge-base\mcp\api\README.md,API Documentation,created
.\mcp\config\README.md,../vectorization/README.md,C:\Users\jpowe\CascadeProjects\github\knowledge-base\mcp\vectorization\README.md,Vectorization Protocols,created
.\src\audio\README.md,LICENSE,C:\Users\jpowe\CascadeProjects\github\knowledge-base\src\audio\LICENSE.md,LICENSE,created
