"FullName","LastWriteTime","Length"
"C:\Users\jpowe\CascadeProjects\github\knowledge-base\docs\testing.md","04/07/2025 23:35:35","440"
"C:\Users\jpowe\CascadeProjects\github\knowledge-base\docs\tutorials.md","04/07/2025 23:35:35","452"
"C:\Users\jpowe\CascadeProjects\github\knowledge-base\docs\api\api_gateway.md","04/07/2025 18:48:40","329"
"C:\Users\jpowe\CascadeProjects\github\knowledge-base\docs\design\3d_model_generation.md","04/07/2025 18:48:39","353"
"C:\Users\jpowe\CascadeProjects\github\knowledge-base\docs\design\3d_printing_export.md","04/07/2025 18:48:39","350"
"C:\Users\jpowe\CascadeProjects\github\knowledge-base\docs\design\cnc_machining_export.md","04/07/2025 18:48:39","356"
"C:\Users\jpowe\CascadeProjects\github\knowledge-base\docs\design\fea_analysis.md","04/07/2025 18:48:39","332"
"C:\Users\jpowe\CascadeProjects\github\knowledge-base\docs\design\gan_design_generation.md","04/07/2025 18:48:39","359"
"C:\Users\jpowe\CascadeProjects\github\knowledge-base\docs\design\generative_design.md","04/07/2025 18:48:39","347"
"C:\Users\jpowe\CascadeProjects\github\knowledge-base\docs\design\genetic_algorithm_optimization.md","04/07/2025 18:48:39","386"
"C:\Users\jpowe\CascadeProjects\github\knowledge-base\docs\design\iot_manufacturing.md","04/07/2025 18:48:39","347"
"C:\Users\jpowe\CascadeProjects\github\knowledge-base\docs\design\multi_material_design.md","04/07/2025 18:48:39","359"
"C:\Users\jpowe\CascadeProjects\github\knowledge-base\docs\design\openscad_automation.md","04/07/2025 18:48:39","353"
"C:\Users\jpowe\CascadeProjects\github\knowledge-base\docs\development\development.md","04/07/2025 18:48:40","329"
"C:\Users\jpowe\CascadeProjects\github\knowledge-base\docs\development\environment.md","04/07/2025 18:48:39","329"
"C:\Users\jpowe\CascadeProjects\github\knowledge-base\docs\development\integration.md","04/07/2025 18:48:40","329"
"C:\Users\jpowe\CascadeProjects\github\knowledge-base\docs\operations\deployment.md","04/07/2025 18:48:38","326"
"C:\Users\jpowe\CascadeProjects\github\knowledge-base\docs\operations\safety_ethics.md","04/07/2025 18:48:40","335"
"C:\Users\jpowe\CascadeProjects\github\knowledge-base\docs\reference\advanced_emotional_ai.md","05/07/2025 04:46:25","580"
"C:\Users\jpowe\CascadeProjects\github\knowledge-base\docs\reference\advanced_physics.md","04/07/2025 18:48:39","344"
"C:\Users\jpowe\CascadeProjects\github\knowledge-base\docs\reference\advanced_system.md","04/07/2025 18:48:40","341"
"C:\Users\jpowe\CascadeProjects\github\knowledge-base\docs\reference\fairlearn.md","04/07/2025 18:48:39","323"
"C:\Users\jpowe\CascadeProjects\github\knowledge-base\docs\reference\keras-rl2.md","04/07/2025 18:48:39","323"
"C:\Users\jpowe\CascadeProjects\github\knowledge-base\docs\reference\neural_network_predictions.md","04/07/2025 18:48:39","374"
"C:\Users\jpowe\CascadeProjects\github\knowledge-base\docs\reference\proxy.md","04/07/2025 18:48:40","311"
"C:\Users\jpowe\CascadeProjects\github\knowledge-base\docs\reference\qiskit.md","04/07/2025 18:48:39","314"
"C:\Users\jpowe\CascadeProjects\github\knowledge-base\docs\reference\scapy.md","04/07/2025 18:48:39","311"
"C:\Users\jpowe\CascadeProjects\github\knowledge-base\docs\reference\web3.md","04/07/2025 18:48:39","308"
