source_file,line_number,broken_link,link_type,expected_target,new_link,status,reason
,0,,,,,,Target not found
,0,,,,,,Target not found
,0,,,,,,Target not found
,0,,,,,,Target not found
,0,,,,,,Target not found
,0,,,,,,Target not found
,0,,,,,,Target not found
,0,,,,,,Target not found
,0,,,,,,Target not found
,0,,,,,,Target not found
,0,,,,,,Target not found
,0,,,,,,Target not found
,0,,,,,,Target not found
,0,,,,,,Target not found
,0,,,,,,Target not found
,0,,,,,,Target not found
,0,,,,,,Target not found
,0,,,,,,Target not found
,0,,,,,,Target not found
,0,,,,,,Target not found
,0,,,,,,Target not found
,0,,,,,,Target not found
,0,,,,,,Target not found
,0,,,,,,Target not found
,0,,,,,,Target not found
,0,,,,,,Target not found
,0,,,,,,Target not found
,0,,,,,,Target not found
,0,,,,,,Target not found
,0,,,,,,Target not found
,0,,,,,,Target not found
,0,,,,,,Target not found
,0,,,,,,Target not found
,0,,,,,,Target not found
,0,,,,,,Target not found
,0,,,,,,Target not found
,0,,,,,,Target not found
,0,,,,,,Target not found
,0,,,,,,Target not found
,0,,,,,,Target not found
,0,,,,,,Target not found
,0,,,,,,Target not found
,0,,,,,,Target not found
,0,,,,,,Target not found
,0,,,,,,Target not found
,0,,,,,,Target not found
,0,,,,,,Target not found
,0,,,,,,Target not found
,0,,,,,,Target not found
,0,,,,,,Target not found
,0,,,,,,Target not found
,0,,,,,,Target not found
,0,,,,,,Target not found
,0,,,,,,Target not found
,0,,,,,,Target not found
,0,,,,,,Target not found
,0,,,,,,Target not found
,0,,,,,,Target not found
,0,,,,,,Target not found
,0,,,,,,Target not found
,0,,,,,,Target not found
,0,,,,,,Target not found
,0,,,,,,Target not found
,0,,,,,,Target not found
,0,,,,,,Target not found
,0,,,,,,Target not found
,0,,,,,,Target not found
,0,,,,,,Target not found
,0,,,,,,Target not found
,0,,,,,,Target not found
,0,,,,,,Target not found
,0,,,,,,Target not found
,0,,,,,,Target not found
,0,,,,,,Target not found
,0,,,,,,Target not found
,0,,,,,,Target not found
,0,,,,,,Target not found
,0,,,,,,Target not found
,0,,,,,,Target not found
,0,,,,,,Target not found
,0,,,,,,Target not found
,0,,,,,,Target not found
,0,,,,,,Target not found
,0,,,,,,Target not found
,0,,,,,,Target not found
,0,,,,,,Target not found
,0,,,,,,Target not found
,0,,,,,,Target not found
,0,,,,,,Target not found
,0,,,,,,Target not found
,0,,,,,,Target not found
,0,,,,,,Target not found
,0,,,,,,Target not found
,0,,,,,,Target not found
,0,,,,,,Target not found
,0,,,,,,Target not found
,0,,,,,,Target not found
,0,,,,,,Target not found
,0,,,,,,Target not found
,0,,,,,,Target not found
,0,,,,,,Target not found
,0,,,,,,Target not found
,0,,,,,,Target not found
,0,,,,,,Target not found
,0,,,,,,Target not found
,0,,,,,,Target not found
,0,,,,,,Target not found
,0,,,,,,Target not found
,0,,,,,,Target not found
,0,,,,,,Target not found
,0,,,,,,Target not found
,0,,,,,,Target not found
,0,,,,,,Target not found
,0,,,,,,Target not found
,0,,,,,,Target not found
,0,,,,,,Target not found
,0,,,,,,Target not found
,0,,,,,,Target not found
,0,,,,,,Target not found
,0,,,,,,Target not found
,0,,,,,,Target not found
,0,,,,,,Target not found
,0,,,,,,Target not found
,0,,,,,,Target not found
,0,,,,,,Target not found
,0,,,,,,Target not found
,0,,,,,,Target not found
,0,,,,,,Target not found
,0,,,,,,Target not found
,0,,,,,,Target not found
,0,,,,,,Target not found
,0,,,,,,Target not found
,0,,,,,,Target not found
,0,,,,,,Target not found
,0,,,,,,Target not found
,0,,,,,,Target not found
,0,,,,,,Target not found
,0,,,,,,Target not found
,0,,,,,,Target not found
,0,,,,,,Target not found
,0,,,,,,Target not found
,0,,,,,,Target not found
,0,,,,,,Target not found
,0,,,,,,Target not found
,0,,,,,,Target not found
,0,,,,,,Target not found
,0,,,,,,Target not found
,0,,,,,,Target not found
,0,,,,,,Target not found
,0,,,,,,Target not found
,0,,,,,,Target not found
,0,,,,,,Target not found
,0,,,,,,Target not found
,0,,,,,,Target not found
,0,,,,,,Target not found
,0,,,,,,Target not found
,0,,,,,,Target not found
,0,,,,,,Target not found
,0,,,,,,Target not found
,0,,,,,,Target not found
,0,,,,,,Target not found
,0,,,,,,Target not found
,0,,,,,,Target not found
,0,,,,,,Target not found
,0,,,,,,Target not found
,0,,,,,,Target not found
,0,,,,,,Target not found
,0,,,,,,Target not found
,0,,,,,,Target not found
,0,,,,,,Target not found
,0,,,,,,Target not found
